Series ID,Month,Value
CUUR0300SA0,"Annual 1, 2021",261.259
CUUR0300SA0,1-Dec-21,269.263
CUUR0300SA0,1-Nov-21,268.36
CUUR0300SA0,1-Oct-21,267.16
CUUR0300SA0,1-Sep-21,264.593
CUUR0300SA0,1-Aug-21,263.728
CUUR0300SA0,1-Jul-21,263.013
CUUR0300SA0,1-Jun-21,261.668
CUUR0300SA0,1-May-21,259.343
CUUR0300SA0,1-Apr-21,257.207
CUUR0300SA0,1-Mar-21,255.319
CUUR0300SA0,1-Feb-21,253.386
CUUR0300SA0,1-Jan-21,252.067
CUUR0300SA0,"Annual 1, 2020",248.639
CUUR0300SA0,1-Dec-20,250.693
CUUR0300SA0,1-Nov-20,250.255
CUUR0300SA0,1-Oct-20,250.542
CUUR0300SA0,1-Sep-20,250.193
CUUR0300SA0,1-Aug-20,249.639
CUUR0300SA0,1-Jul-20,248.619
CUUR0300SA0,1-Jun-20,247.223
CUUR0300SA0,1-May-20,245.696
CUUR0300SA0,1-Apr-20,246.254
CUUR0300SA0,1-Mar-20,248.136
CUUR0300SA0,1-Feb-20,248.412
CUUR0300SA0,1-Jan-20,248.005
CUUR0300SA0,"Annual 1, 2019",246.265
CUUR0300SA0,1-Dec-19,247.289
CUUR0300SA0,1-Nov-19,247.385
CUUR0300SA0,1-Oct-19,247.423
CUUR0300SA0,1-Sep-19,246.891
CUUR0300SA0,1-Aug-19,246.953
CUUR0300SA0,1-Jul-19,247.25
CUUR0300SA0,1-Jun-19,246.515
CUUR0300SA0,1-May-19,246.667
CUUR0300SA0,1-Apr-19,246.847
CUUR0300SA0,1-Mar-19,245.554
CUUR0300SA0,1-Feb-19,243.856
CUUR0300SA0,1-Jan-19,242.547
CUUR0300SA0,"Annual 1, 2018",242.737
CUUR0300SA0,1-Dec-18,242.15
CUUR0300SA0,1-Nov-18,243.484
CUUR0300SA0,1-Oct-18,244.163
CUUR0300SA0,1-Sep-18,243.64
CUUR0300SA0,1-Aug-18,243.605
CUUR0300SA0,1-Jul-18,243.776
CUUR0300SA0,1-Jun-18,243.77
CUUR0300SA0,1-May-18,243.279
CUUR0300SA0,1-Apr-18,242.486
CUUR0300SA0,1-Mar-18,241.595
CUUR0300SA0,1-Feb-18,241.123
CUUR0300SA0,1-Jan-18,239.772
CUUR0300SA0,"Annual 1, 2017",237.456
CUUR0300SA0,1-Dec-17,238.512
CUUR0300SA0,1-Nov-17,238.861
CUUR0300SA0,1-Oct-17,239.067
CUUR0300SA0,1-Sep-17,239.649
CUUR0300SA0,1-Aug-17,237.892
CUUR0300SA0,1-Jul-17,236.942
CUUR0300SA0,1-Jun-17,237.346
CUUR0300SA0,1-May-17,236.774
CUUR0300SA0,1-Apr-17,236.728
CUUR0300SA0,1-Mar-17,236.154
CUUR0300SA0,1-Feb-17,236.052
CUUR0300SA0,1-Jan-17,235.492
CUUR0400SA0,"Annual 1, 2021",287.494
CUUR0400SA0,1-Dec-21,296.102
CUUR0400SA0,1-Nov-21,294.986
CUUR0400SA0,1-Oct-21,293.397
CUUR0400SA0,1-Sep-21,291.053
CUUR0400SA0,1-Aug-21,290.393
CUUR0400SA0,1-Jul-21,289.863
CUUR0400SA0,1-Jun-21,288.263
CUUR0400SA0,1-May-21,285.793
CUUR0400SA0,1-Apr-21,283.507
CUUR0400SA0,1-Mar-21,280.625
CUUR0400SA0,1-Feb-21,278.702
CUUR0400SA0,1-Jan-21,277.238
CUUR0400SA0,"Annual 1, 2020",275.057
CUUR0400SA0,1-Dec-20,276.593
CUUR0400SA0,1-Nov-20,276.875
CUUR0400SA0,1-Oct-20,276.876
CUUR0400SA0,1-Sep-20,276.422
CUUR0400SA0,1-Aug-20,276.443
CUUR0400SA0,1-Jul-20,275.597
CUUR0400SA0,1-Jun-20,274.155
CUUR0400SA0,1-May-20,273.062
CUUR0400SA0,1-Apr-20,272.913
CUUR0400SA0,1-Mar-20,273.995
CUUR0400SA0,1-Feb-20,274.412
CUUR0400SA0,1-Jan-20,273.34
CUUR0400SA0,"Annual 1, 2019",270.35
CUUR0400SA0,1-Dec-19,272.584
CUUR0400SA0,1-Nov-19,273.128
CUUR0400SA0,1-Oct-19,273.524
CUUR0400SA0,1-Sep-19,272.102
CUUR0400SA0,1-Aug-19,271.264
CUUR0400SA0,1-Jul-19,271.029
CUUR0400SA0,1-Jun-19,270.957
CUUR0400SA0,1-May-19,270.88
CUUR0400SA0,1-Apr-19,269.522
CUUR0400SA0,1-Mar-19,267.37
CUUR0400SA0,1-Feb-19,266.215
CUUR0400SA0,1-Jan-19,265.624
CUUR0400SA0,"Annual 1, 2018",263.263
CUUR0400SA0,1-Dec-18,265.209
CUUR0400SA0,1-Nov-18,265.658
CUUR0400SA0,1-Oct-18,266.195
CUUR0400SA0,1-Sep-18,265.105
CUUR0400SA0,1-Aug-18,264.395
CUUR0400SA0,1-Jul-18,263.971
CUUR0400SA0,1-Jun-18,263.732
CUUR0400SA0,1-May-18,263.24
CUUR0400SA0,1-Apr-18,262.037
CUUR0400SA0,1-Mar-18,260.994
CUUR0400SA0,1-Feb-18,259.986
CUUR0400SA0,1-Jan-18,258.638
CUUR0400SA0,"Annual 1, 2017",254.738
CUUR0400SA0,1-Dec-17,257.347
CUUR0400SA0,1-Nov-17,257.126
CUUR0400SA0,1-Oct-17,257.223
CUUR0400SA0,1-Sep-17,256.504
CUUR0400SA0,1-Aug-17,255.282
CUUR0400SA0,1-Jul-17,254.708
CUUR0400SA0,1-Jun-17,254.469
CUUR0400SA0,1-May-17,254.38
CUUR0400SA0,1-Apr-17,253.806
CUUR0400SA0,1-Mar-17,252.949
CUUR0400SA0,1-Feb-17,252.252
CUUR0400SA0,1-Jan-17,250.814
CUUR0100SA0,"Annual 1, 2021",283.557
CUUR0100SA0,1-Dec-21,290.405
CUUR0100SA0,1-Nov-21,289.835
CUUR0100SA0,1-Oct-21,288.236
CUUR0100SA0,1-Sep-21,286.423
CUUR0100SA0,1-Aug-21,285.63
CUUR0100SA0,1-Jul-21,285.22
CUUR0100SA0,1-Jun-21,284.741
CUUR0100SA0,1-May-21,281.858
CUUR0100SA0,1-Apr-21,280.234
CUUR0100SA0,1-Mar-21,278.197
CUUR0100SA0,1-Feb-21,276.473
CUUR0100SA0,1-Jan-21,275.427
CUUR0100SA0,"Annual 1, 2020",272.908
CUUR0100SA0,1-Dec-20,274.225
CUUR0100SA0,1-Nov-20,273.543
CUUR0100SA0,1-Oct-20,273.374
CUUR0100SA0,1-Sep-20,273.925
CUUR0100SA0,1-Aug-20,273.597
CUUR0100SA0,1-Jul-20,273.347
CUUR0100SA0,1-Jun-20,272.283
CUUR0100SA0,1-May-20,271.345
CUUR0100SA0,1-Apr-20,271.325
CUUR0100SA0,1-Mar-20,272.531
CUUR0100SA0,1-Feb-20,273.08
CUUR0100SA0,1-Jan-20,272.316
CUUR0100SA0,"Annual 1, 2019",269.392
CUUR0100SA0,1-Dec-19,270.429
CUUR0100SA0,1-Nov-19,270.643
CUUR0100SA0,1-Oct-19,270.348
CUUR0100SA0,1-Sep-19,270.563
CUUR0100SA0,1-Aug-19,270.548
CUUR0100SA0,1-Jul-19,270.381
CUUR0100SA0,1-Jun-19,270.133
CUUR0100SA0,1-May-19,269.744
CUUR0100SA0,1-Apr-19,269.07
CUUR0100SA0,1-Mar-19,268.025
CUUR0100SA0,1-Feb-19,266.706
CUUR0100SA0,1-Jan-19,266.109
CUUR0100SA0,"Annual 1, 2018",265.139
CUUR0100SA0,1-Dec-18,265.286
CUUR0100SA0,1-Nov-18,265.487
CUUR0100SA0,1-Oct-18,266.464
CUUR0100SA0,1-Sep-18,266.709
CUUR0100SA0,1-Aug-18,266.425
CUUR0100SA0,1-Jul-18,265.83
CUUR0100SA0,1-Jun-18,265.95
CUUR0100SA0,1-May-18,265.84
CUUR0100SA0,1-Apr-18,264.669
CUUR0100SA0,1-Mar-18,263.556
CUUR0100SA0,1-Feb-18,263.26
CUUR0100SA0,1-Jan-18,262.188
CUUR0100SA0,"Annual 1, 2017",259.538
CUUR0100SA0,1-Dec-17,260.791
CUUR0100SA0,1-Nov-17,260.63
CUUR0100SA0,1-Oct-17,260.58
CUUR0100SA0,1-Sep-17,260.875
CUUR0100SA0,1-Aug-17,259.508
CUUR0100SA0,1-Jul-17,258.833
CUUR0100SA0,1-Jun-17,259.335
CUUR0100SA0,1-May-17,259.386
CUUR0100SA0,1-Apr-17,259.165
CUUR0100SA0,1-Mar-17,258.51
CUUR0100SA0,1-Feb-17,258.768
CUUR0100SA0,1-Jan-17,258.073
CUUR0200SA0,"Annual 1, 2021",252.242
CUUR0200SA0,1-Dec-21,259.609
CUUR0200SA0,1-Nov-21,258.911
CUUR0200SA0,1-Oct-21,257.793
CUUR0200SA0,1-Sep-21,255.709
CUUR0200SA0,1-Aug-21,255.142
CUUR0200SA0,1-Jul-21,254.671
CUUR0200SA0,1-Jun-21,253.042
CUUR0200SA0,1-May-21,250.582
CUUR0200SA0,1-Apr-21,248.169
CUUR0200SA0,1-Mar-21,246.246
CUUR0200SA0,1-Feb-21,244.477
CUUR0200SA0,1-Jan-21,242.552
CUUR0200SA0,"Annual 1, 2020",240.04
CUUR0200SA0,1-Dec-20,241.453
CUUR0200SA0,1-Nov-20,241.316
CUUR0200SA0,1-Oct-20,241.74
CUUR0200SA0,1-Sep-20,241.878
CUUR0200SA0,1-Aug-20,241.362
CUUR0200SA0,1-Jul-20,240.43
CUUR0200SA0,1-Jun-20,239.259
CUUR0200SA0,1-May-20,237.291
CUUR0200SA0,1-Apr-20,236.474
CUUR0200SA0,1-Mar-20,239.163
CUUR0200SA0,1-Feb-20,240.421
CUUR0200SA0,1-Jan-20,239.69
CUUR0200SA0,"Annual 1, 2019",237.776
CUUR0200SA0,1-Dec-19,238.734
CUUR0200SA0,1-Nov-19,238.85
CUUR0200SA0,1-Oct-19,239.243
CUUR0200SA0,1-Sep-19,238.847
CUUR0200SA0,1-Aug-19,238.786
CUUR0200SA0,1-Jul-19,238.76
CUUR0200SA0,1-Jun-19,238.288
CUUR0200SA0,1-May-19,238.219
CUUR0200SA0,1-Apr-19,237.51
CUUR0200SA0,1-Mar-19,236.793
CUUR0200SA0,1-Feb-19,235.444
CUUR0200SA0,1-Jan-19,233.837
CUUR0200SA0,"Annual 1, 2018",234.29
CUUR0200SA0,1-Dec-18,233.458
CUUR0200SA0,1-Nov-18,234.292
CUUR0200SA0,1-Oct-18,235.68
CUUR0200SA0,1-Sep-18,235.524
CUUR0200SA0,1-Aug-18,235.276
CUUR0200SA0,1-Jul-18,235.346
CUUR0200SA0,1-Jun-18,235.455
CUUR0200SA0,1-May-18,235.065
CUUR0200SA0,1-Apr-18,233.913
CUUR0200SA0,1-Mar-18,232.931
CUUR0200SA0,1-Feb-18,232.512
CUUR0200SA0,1-Jan-18,232.028
CUUR0200SA0,"Annual 1, 2017",229.874
CUUR0200SA0,1-Dec-17,230.548
CUUR0200SA0,1-Nov-17,231.084
CUUR0200SA0,1-Oct-17,230.66
CUUR0200SA0,1-Sep-17,231.03
CUUR0200SA0,1-Aug-17,230.443
CUUR0200SA0,1-Jul-17,229.82
CUUR0200SA0,1-Jun-17,229.78
CUUR0200SA0,1-May-17,229.705
CUUR0200SA0,1-Apr-17,229.682
CUUR0200SA0,1-Mar-17,228.824
CUUR0200SA0,1-Feb-17,228.633
CUUR0200SA0,1-Jan-17,228.279
CUUR0300SA0L1E,"Annual 1, 2021",266.331
CUUR0300SA0L1E,1-Dec-21,273.519
CUUR0300SA0L1E,1-Nov-21,272.156
CUUR0300SA0L1E,1-Oct-21,271.048
CUUR0300SA0L1E,1-Sep-21,269.122
CUUR0300SA0L1E,1-Aug-21,268.621
CUUR0300SA0L1E,1-Jul-21,267.966
CUUR0300SA0L1E,1-Jun-21,266.926
CUUR0300SA0L1E,1-May-21,264.734
CUUR0300SA0L1E,1-Apr-21,262.756
CUUR0300SA0L1E,1-Mar-21,260.589
CUUR0300SA0L1E,1-Feb-21,259.65
CUUR0300SA0L1E,1-Jan-21,258.89
CUUR0300SA0L1E,"Annual 1, 2020",256.024
CUUR0300SA0L1E,1-Dec-20,258.129
CUUR0300SA0L1E,1-Nov-20,258.059
CUUR0300SA0L1E,1-Oct-20,258.029
CUUR0300SA0L1E,1-Sep-20,257.45
CUUR0300SA0L1E,1-Aug-20,257.015
CUUR0300SA0L1E,1-Jul-20,255.588
CUUR0300SA0L1E,1-Jun-20,254.164
CUUR0300SA0L1E,1-May-20,253.765
CUUR0300SA0L1E,1-Apr-20,254.422
CUUR0300SA0L1E,1-Mar-20,255.803
CUUR0300SA0L1E,1-Feb-20,255.494
CUUR0300SA0L1E,1-Jan-20,254.372
CUUR0300SA0L1E,"Annual 1, 2019",252.246
CUUR0300SA0L1E,1-Dec-19,253.692
CUUR0300SA0L1E,1-Nov-19,253.987
CUUR0300SA0L1E,1-Oct-19,253.668
CUUR0300SA0L1E,1-Sep-19,252.974
CUUR0300SA0L1E,1-Aug-19,252.968
CUUR0300SA0L1E,1-Jul-19,252.511
CUUR0300SA0L1E,1-Jun-19,252.205
CUUR0300SA0L1E,1-May-19,251.666
CUUR0300SA0L1E,1-Apr-19,251.812
CUUR0300SA0L1E,1-Mar-19,251.283
CUUR0300SA0L1E,1-Feb-19,250.666
CUUR0300SA0L1E,1-Jan-19,249.515
CUUR0300SA0L1E,"Annual 1, 2018",247.538
CUUR0300SA0L1E,1-Dec-18,248.628
CUUR0300SA0L1E,1-Nov-18,248.971
CUUR0300SA0L1E,1-Oct-18,248.518
CUUR0300SA0L1E,1-Sep-18,247.871
CUUR0300SA0L1E,1-Aug-18,247.642
CUUR0300SA0L1E,1-Jul-18,248.016
CUUR0300SA0L1E,1-Jun-18,247.774
CUUR0300SA0L1E,1-May-18,247.583
CUUR0300SA0L1E,1-Apr-18,247.394
CUUR0300SA0L1E,1-Mar-18,247.101
CUUR0300SA0L1E,1-Feb-18,246.177
CUUR0300SA0L1E,1-Jan-18,244.776
CUUR0300SA0L1E,"Annual 1, 2017",242.638
CUUR0300SA0L1E,1-Dec-17,243.786
CUUR0300SA0L1E,1-Nov-17,243.99
CUUR0300SA0L1E,1-Oct-17,244.024
CUUR0300SA0L1E,1-Sep-17,243.392
CUUR0300SA0L1E,1-Aug-17,242.892
CUUR0300SA0L1E,1-Jul-17,242.224
CUUR0300SA0L1E,1-Jun-17,242.601
CUUR0300SA0L1E,1-May-17,242.182
CUUR0300SA0L1E,1-Apr-17,241.993
CUUR0300SA0L1E,1-Mar-17,241.945
CUUR0300SA0L1E,1-Feb-17,241.776
CUUR0300SA0L1E,1-Jan-17,240.848
CUUR0400SA0L1E,"Annual 1, 2021",289.877
CUUR0400SA0L1E,1-Dec-21,297.129
CUUR0400SA0L1E,1-Nov-21,295.887
CUUR0400SA0L1E,1-Oct-21,294.588
CUUR0400SA0L1E,1-Sep-21,292.537
CUUR0400SA0L1E,1-Aug-21,292.007
CUUR0400SA0L1E,1-Jul-21,291.746
CUUR0400SA0L1E,1-Jun-21,290.888
CUUR0400SA0L1E,1-May-21,288.442
CUUR0400SA0L1E,1-Apr-21,286.547
CUUR0400SA0L1E,1-Mar-21,283.772
CUUR0400SA0L1E,1-Feb-21,282.949
CUUR0400SA0L1E,1-Jan-21,282.032
CUUR0400SA0L1E,"Annual 1, 2020",280.401
CUUR0400SA0L1E,1-Dec-20,281.681
CUUR0400SA0L1E,1-Nov-20,282.323
CUUR0400SA0L1E,1-Oct-20,281.857
CUUR0400SA0L1E,1-Sep-20,281.338
CUUR0400SA0L1E,1-Aug-20,281.41
CUUR0400SA0L1E,1-Jul-20,280.839
CUUR0400SA0L1E,1-Jun-20,279.452
CUUR0400SA0L1E,1-May-20,279.139
CUUR0400SA0L1E,1-Apr-20,279.072
CUUR0400SA0L1E,1-Mar-20,279.573
CUUR0400SA0L1E,1-Feb-20,279.692
CUUR0400SA0L1E,1-Jan-20,278.434
CUUR0400SA0L1E,"Annual 1, 2019",274.833
CUUR0400SA0L1E,1-Dec-19,277.459
CUUR0400SA0L1E,1-Nov-19,277.277
CUUR0400SA0L1E,1-Oct-19,277.386
CUUR0400SA0L1E,1-Sep-19,276.778
CUUR0400SA0L1E,1-Aug-19,276.089
CUUR0400SA0L1E,1-Jul-19,275.257
CUUR0400SA0L1E,1-Jun-19,274.823
CUUR0400SA0L1E,1-May-19,274.026
CUUR0400SA0L1E,1-Apr-19,273.459
CUUR0400SA0L1E,1-Mar-19,272.681
CUUR0400SA0L1E,1-Feb-19,271.834
CUUR0400SA0L1E,1-Jan-19,270.93
CUUR0400SA0L1E,"Annual 1, 2018",267.183
CUUR0400SA0L1E,1-Dec-18,269.797
CUUR0400SA0L1E,1-Nov-18,269.647
CUUR0400SA0L1E,1-Oct-18,269.737
CUUR0400SA0L1E,1-Sep-18,268.827
CUUR0400SA0L1E,1-Aug-18,267.873
CUUR0400SA0L1E,1-Jul-18,267.428
CUUR0400SA0L1E,1-Jun-18,267.033
CUUR0400SA0L1E,1-May-18,266.526
CUUR0400SA0L1E,1-Apr-18,265.809
CUUR0400SA0L1E,1-Mar-18,265.534
CUUR0400SA0L1E,1-Feb-18,264.619
CUUR0400SA0L1E,1-Jan-18,263.366
CUUR0400SA0L1E,"Annual 1, 2017",259.322
CUUR0400SA0L1E,1-Dec-17,262.213
CUUR0400SA0L1E,1-Nov-17,261.853
CUUR0400SA0L1E,1-Oct-17,261.863
CUUR0400SA0L1E,1-Sep-17,260.539
CUUR0400SA0L1E,1-Aug-17,259.86
CUUR0400SA0L1E,1-Jul-17,259.362
CUUR0400SA0L1E,1-Jun-17,258.853
CUUR0400SA0L1E,1-May-17,258.56
CUUR0400SA0L1E,1-Apr-17,258.247
CUUR0400SA0L1E,1-Mar-17,257.574
CUUR0400SA0L1E,1-Feb-17,257.189
CUUR0400SA0L1E,1-Jan-17,255.749
CUUR0100SA0L1E,"Annual 1, 2021",295.366
CUUR0100SA0L1E,1-Dec-21,300.367
CUUR0100SA0L1E,1-Nov-21,299.803
CUUR0100SA0L1E,1-Oct-21,298.688
CUUR0100SA0L1E,1-Sep-21,297.763
CUUR0100SA0L1E,1-Aug-21,297.478
CUUR0100SA0L1E,1-Jul-21,297.517
CUUR0100SA0L1E,1-Jun-21,297.241
CUUR0100SA0L1E,1-May-21,294.32
CUUR0100SA0L1E,1-Apr-21,292.778
CUUR0100SA0L1E,1-Mar-21,290.67
CUUR0100SA0L1E,1-Feb-21,289.246
CUUR0100SA0L1E,1-Jan-21,288.524
CUUR0100SA0L1E,"Annual 1, 2020",287.062
CUUR0100SA0L1E,1-Dec-20,287.893
CUUR0100SA0L1E,1-Nov-20,288.047
CUUR0100SA0L1E,1-Oct-20,287.971
CUUR0100SA0L1E,1-Sep-20,288.433
CUUR0100SA0L1E,1-Aug-20,288.13
CUUR0100SA0L1E,1-Jul-20,287.546
CUUR0100SA0L1E,1-Jun-20,286.141
CUUR0100SA0L1E,1-May-20,285.717
CUUR0100SA0L1E,1-Apr-20,285.641
CUUR0100SA0L1E,1-Mar-20,286.984
CUUR0100SA0L1E,1-Feb-20,286.879
CUUR0100SA0L1E,1-Jan-20,285.362
CUUR0100SA0L1E,"Annual 1, 2019",282.229
CUUR0100SA0L1E,1-Dec-19,283.487
CUUR0100SA0L1E,1-Nov-19,283.784
CUUR0100SA0L1E,1-Oct-19,283.854
CUUR0100SA0L1E,1-Sep-19,284.084
CUUR0100SA0L1E,1-Aug-19,283.631
CUUR0100SA0L1E,1-Jul-19,283.058
CUUR0100SA0L1E,1-Jun-19,282.588
CUUR0100SA0L1E,1-May-19,281.782
CUUR0100SA0L1E,1-Apr-19,281.302
CUUR0100SA0L1E,1-Mar-19,280.539
CUUR0100SA0L1E,1-Feb-19,279.662
CUUR0100SA0L1E,1-Jan-19,278.975
CUUR0100SA0L1E,"Annual 1, 2018",276.546
CUUR0100SA0L1E,1-Dec-18,277.647
CUUR0100SA0L1E,1-Nov-18,277.248
CUUR0100SA0L1E,1-Oct-18,277.855
CUUR0100SA0L1E,1-Sep-18,277.826
CUUR0100SA0L1E,1-Aug-18,277.552
CUUR0100SA0L1E,1-Jul-18,276.73
CUUR0100SA0L1E,1-Jun-18,276.86
CUUR0100SA0L1E,1-May-18,276.756
CUUR0100SA0L1E,1-Apr-18,276.113
CUUR0100SA0L1E,1-Mar-18,275.35
CUUR0100SA0L1E,1-Feb-18,274.774
CUUR0100SA0L1E,1-Jan-18,273.844
CUUR0100SA0L1E,"Annual 1, 2017",272.177
CUUR0100SA0L1E,1-Dec-17,272.764
CUUR0100SA0L1E,1-Nov-17,272.756
CUUR0100SA0L1E,1-Oct-17,273.082
CUUR0100SA0L1E,1-Sep-17,272.782
CUUR0100SA0L1E,1-Aug-17,272.293
CUUR0100SA0L1E,1-Jul-17,271.623
CUUR0100SA0L1E,1-Jun-17,272.195
CUUR0100SA0L1E,1-May-17,272.112
CUUR0100SA0L1E,1-Apr-17,271.986
CUUR0100SA0L1E,1-Mar-17,271.752
CUUR0100SA0L1E,1-Feb-17,271.867
CUUR0100SA0L1E,1-Jan-17,270.907
CUUR0200SA0L1E,"Annual 1, 2021",257.667
CUUR0200SA0L1E,1-Dec-21,263.975
CUUR0200SA0L1E,1-Nov-21,262.791
CUUR0200SA0L1E,1-Oct-21,261.811
CUUR0200SA0L1E,1-Sep-21,260.12
CUUR0200SA0L1E,1-Aug-21,260.08
CUUR0200SA0L1E,1-Jul-21,259.762
CUUR0200SA0L1E,1-Jun-21,258.368
CUUR0200SA0L1E,1-May-21,256.556
CUUR0200SA0L1E,1-Apr-21,254.386
CUUR0200SA0L1E,1-Mar-21,252.546
CUUR0200SA0L1E,1-Feb-21,251.544
CUUR0200SA0L1E,1-Jan-21,250.069
CUUR0200SA0L1E,"Annual 1, 2020",248.399
CUUR0200SA0L1E,1-Dec-20,249.839
CUUR0200SA0L1E,1-Nov-20,250.235
CUUR0200SA0L1E,1-Oct-20,250.229
CUUR0200SA0L1E,1-Sep-20,250.134
CUUR0200SA0L1E,1-Aug-20,249.628
CUUR0200SA0L1E,1-Jul-20,248.233
CUUR0200SA0L1E,1-Jun-20,246.892
CUUR0200SA0L1E,1-May-20,245.905
CUUR0200SA0L1E,1-Apr-20,246.317
CUUR0200SA0L1E,1-Mar-20,248.021
CUUR0200SA0L1E,1-Feb-20,248.306
CUUR0200SA0L1E,1-Jan-20,247.043
CUUR0200SA0L1E,"Annual 1, 2019",244.455
CUUR0200SA0L1E,1-Dec-19,245.93
CUUR0200SA0L1E,1-Nov-19,246.21
CUUR0200SA0L1E,1-Oct-19,246.337
CUUR0200SA0L1E,1-Sep-19,245.479
CUUR0200SA0L1E,1-Aug-19,245.031
CUUR0200SA0L1E,1-Jul-19,244.444
CUUR0200SA0L1E,1-Jun-19,244.045
CUUR0200SA0L1E,1-May-19,243.848
CUUR0200SA0L1E,1-Apr-19,243.471
CUUR0200SA0L1E,1-Mar-19,243.64
CUUR0200SA0L1E,1-Feb-19,243.049
CUUR0200SA0L1E,1-Jan-19,241.972
CUUR0200SA0L1E,"Annual 1, 2018",239.819
CUUR0200SA0L1E,1-Dec-18,241.071
CUUR0200SA0L1E,1-Nov-18,241.121
CUUR0200SA0L1E,1-Oct-18,241.052
CUUR0200SA0L1E,1-Sep-18,240.248
CUUR0200SA0L1E,1-Aug-18,240.048
CUUR0200SA0L1E,1-Jul-18,239.978
CUUR0200SA0L1E,1-Jun-18,239.948
CUUR0200SA0L1E,1-May-18,239.896
CUUR0200SA0L1E,1-Apr-18,239.531
CUUR0200SA0L1E,1-Mar-18,239.056
CUUR0200SA0L1E,1-Feb-18,238.302
CUUR0200SA0L1E,1-Jan-18,237.575
CUUR0200SA0L1E,"Annual 1, 2017",235.77
CUUR0200SA0L1E,1-Dec-17,236.452
CUUR0200SA0L1E,1-Nov-17,236.259
CUUR0200SA0L1E,1-Oct-17,236.574
CUUR0200SA0L1E,1-Sep-17,236.172
CUUR0200SA0L1E,1-Aug-17,235.978
CUUR0200SA0L1E,1-Jul-17,235.798
CUUR0200SA0L1E,1-Jun-17,235.645
CUUR0200SA0L1E,1-May-17,235.9
CUUR0200SA0L1E,1-Apr-17,235.785
CUUR0200SA0L1E,1-Mar-17,235.232
CUUR0200SA0L1E,1-Feb-17,235.165
CUUR0200SA0L1E,1-Jan-17,234.276
CUUR0300SA0E,"Annual 1, 2021",218.12
CUUR0300SA0E,1-Dec-21,232.871
CUUR0300SA0E,1-Nov-21,236.921
CUUR0300SA0E,1-Oct-21,233.774
CUUR0300SA0E,1-Sep-21,226.245
CUUR0300SA0E,1-Aug-21,224.764
CUUR0300SA0E,1-Jul-21,223.507
CUUR0300SA0E,1-Jun-21,219.706
CUUR0300SA0E,1-May-21,216.066
CUUR0300SA0E,1-Apr-21,210.474
CUUR0300SA0E,1-Mar-21,208.996
CUUR0300SA0E,1-Feb-21,195.501
CUUR0300SA0E,1-Jan-21,188.611
CUUR0300SA0E,"Annual 1, 2020",180.438
CUUR0300SA0E,1-Dec-20,181.834
CUUR0300SA0E,1-Nov-20,178.1
CUUR0300SA0E,1-Oct-20,180.85
CUUR0300SA0E,1-Sep-20,183.065
CUUR0300SA0E,1-Aug-20,180.522
CUUR0300SA0E,1-Jul-20,181.487
CUUR0300SA0E,1-Jun-20,176.191
CUUR0300SA0E,1-May-20,165.4
CUUR0300SA0E,1-Apr-20,168.51
CUUR0300SA0E,1-Mar-20,182.901
CUUR0300SA0E,1-Feb-20,190.334
CUUR0300SA0E,1-Jan-20,196.064
CUUR0300SA0E,"Annual 1, 2019",197.87
CUUR0300SA0E,1-Dec-19,195.4
CUUR0300SA0E,1-Nov-19,194.9
CUUR0300SA0E,1-Oct-19,197.145
CUUR0300SA0E,1-Sep-19,198.26
CUUR0300SA0E,1-Aug-19,199.306
CUUR0300SA0E,1-Jul-19,205.779
CUUR0300SA0E,1-Jun-19,201.518
CUUR0300SA0E,1-May-19,206.597
CUUR0300SA0E,1-Apr-19,206.745
CUUR0300SA0E,1-Mar-19,198.068
CUUR0300SA0E,1-Feb-19,187.002
CUUR0300SA0E,1-Jan-19,183.724
CUUR0300SA0E,"Annual 1, 2018",204.294
CUUR0300SA0E,1-Dec-18,187.659
CUUR0300SA0E,1-Nov-18,199.67
CUUR0300SA0E,1-Oct-18,210.142
CUUR0300SA0E,1-Sep-18,209.748
CUUR0300SA0E,1-Aug-18,211.352
CUUR0300SA0E,1-Jul-18,210.919
CUUR0300SA0E,1-Jun-18,213.119
CUUR0300SA0E,1-May-18,210.18
CUUR0300SA0E,1-Apr-18,203.877
CUUR0300SA0E,1-Mar-18,197.996
CUUR0300SA0E,1-Feb-18,200.074
CUUR0300SA0E,1-Jan-18,196.789
CUUR0300SA0E,"Annual 1, 2017",192.695
CUUR0300SA0E,1-Dec-17,193.046
CUUR0300SA0E,1-Nov-17,195.457
CUUR0300SA0E,1-Oct-17,196.585
CUUR0300SA0E,1-Sep-17,207.849
CUUR0300SA0E,1-Aug-17,194.532
CUUR0300SA0E,1-Jul-17,190.436
CUUR0300SA0E,1-Jun-17,192.109
CUUR0300SA0E,1-May-17,189.473
CUUR0300SA0E,1-Apr-17,191.389
CUUR0300SA0E,1-Mar-17,186.386
CUUR0300SA0E,1-Feb-17,186.545
CUUR0300SA0E,1-Jan-17,188.535
CUUR0400SA0E,"Annual 1, 2021",298.486
CUUR0400SA0E,1-Dec-21,323.449
CUUR0400SA0E,1-Nov-21,323.732
CUUR0400SA0E,1-Oct-21,318.786
CUUR0400SA0E,1-Sep-21,313.295
CUUR0400SA0E,1-Aug-21,313.1
CUUR0400SA0E,1-Jul-21,309.105
CUUR0400SA0E,1-Jun-21,301.487
CUUR0400SA0E,1-May-21,296.918
CUUR0400SA0E,1-Apr-21,287.601
CUUR0400SA0E,1-Mar-21,280.792
CUUR0400SA0E,1-Feb-21,261.331
CUUR0400SA0E,1-Jan-21,252.23
CUUR0400SA0E,"Annual 1, 2020",247.815
CUUR0400SA0E,1-Dec-20,246.618
CUUR0400SA0E,1-Nov-20,246.044
CUUR0400SA0E,1-Oct-20,249.409
CUUR0400SA0E,1-Sep-20,250.416
CUUR0400SA0E,1-Aug-20,249.846
CUUR0400SA0E,1-Jul-20,247.429
CUUR0400SA0E,1-Jun-20,240.961
CUUR0400SA0E,1-May-20,231.664
CUUR0400SA0E,1-Apr-20,233.488
CUUR0400SA0E,1-Mar-20,253.65
CUUR0400SA0E,1-Feb-20,260.843
CUUR0400SA0E,1-Jan-20,263.417
CUUR0400SA0E,"Annual 1, 2019",267.778
CUUR0400SA0E,1-Dec-19,266.687
CUUR0400SA0E,1-Nov-19,277.542
CUUR0400SA0E,1-Oct-19,281.399
CUUR0400SA0E,1-Sep-19,268.626
CUUR0400SA0E,1-Aug-19,266.906
CUUR0400SA0E,1-Jul-19,272.575
CUUR0400SA0E,1-Jun-19,277.892
CUUR0400SA0E,1-May-19,284.955
CUUR0400SA0E,1-Apr-19,272.448
CUUR0400SA0E,1-Mar-19,251.002
CUUR0400SA0E,1-Feb-19,244.834
CUUR0400SA0E,1-Jan-19,248.473
CUUR0400SA0E,"Annual 1, 2018",264.847
CUUR0400SA0E,1-Dec-18,257.96
CUUR0400SA0E,1-Nov-18,268.239
CUUR0400SA0E,1-Oct-18,275.834
CUUR0400SA0E,1-Sep-18,271.577
CUUR0400SA0E,1-Aug-18,272.425
CUUR0400SA0E,1-Jul-18,273.095
CUUR0400SA0E,1-Jun-18,275.62
CUUR0400SA0E,1-May-18,273.252
CUUR0400SA0E,1-Apr-18,263.443
CUUR0400SA0E,1-Mar-18,252.436
CUUR0400SA0E,1-Feb-18,249.957
CUUR0400SA0E,1-Jan-18,244.32
CUUR0400SA0E,"Annual 1, 2017",239.197
CUUR0400SA0E,1-Dec-17,241.328
CUUR0400SA0E,1-Nov-17,244.002
CUUR0400SA0E,1-Oct-17,244.605
CUUR0400SA0E,1-Sep-17,248.061
CUUR0400SA0E,1-Aug-17,240.324
CUUR0400SA0E,1-Jul-17,237.666
CUUR0400SA0E,1-Jun-17,241.71
CUUR0400SA0E,1-May-17,242.54
CUUR0400SA0E,1-Apr-17,237.732
CUUR0400SA0E,1-Mar-17,234.283
CUUR0400SA0E,1-Feb-17,230.081
CUUR0400SA0E,1-Jan-17,228.035
CUUR0100SA0E,"Annual 1, 2021",231.392
CUUR0100SA0E,1-Dec-21,253.13
CUUR0100SA0E,1-Nov-21,253.737
CUUR0100SA0E,1-Oct-21,247.925
CUUR0100SA0E,1-Sep-21,238.073
CUUR0100SA0E,1-Aug-21,235.385
CUUR0100SA0E,1-Jul-21,232.729
CUUR0100SA0E,1-Jun-21,231.222
CUUR0100SA0E,1-May-21,225.404
CUUR0100SA0E,1-Apr-21,221.008
CUUR0100SA0E,1-Mar-21,218.736
CUUR0100SA0E,1-Feb-21,213.744
CUUR0100SA0E,1-Jan-21,205.613
CUUR0100SA0E,"Annual 1, 2020",194.545
CUUR0100SA0E,1-Dec-20,197.774
CUUR0100SA0E,1-Nov-20,191.517
CUUR0100SA0E,1-Oct-20,189.574
CUUR0100SA0E,1-Sep-20,191.582
CUUR0100SA0E,1-Aug-20,190.904
CUUR0100SA0E,1-Jul-20,192.472
CUUR0100SA0E,1-Jun-20,190.948
CUUR0100SA0E,1-May-20,183.663
CUUR0100SA0E,1-Apr-20,187.095
CUUR0100SA0E,1-Mar-20,198.967
CUUR0100SA0E,1-Feb-20,207.448
CUUR0100SA0E,1-Jan-20,212.595
CUUR0100SA0E,"Annual 1, 2019",211.672
CUUR0100SA0E,1-Dec-19,210.063
CUUR0100SA0E,1-Nov-19,210.061
CUUR0100SA0E,1-Oct-19,206.786
CUUR0100SA0E,1-Sep-19,208.392
CUUR0100SA0E,1-Aug-19,211.696
CUUR0100SA0E,1-Jul-19,215.57
CUUR0100SA0E,1-Jun-19,216.394
CUUR0100SA0E,1-May-19,219.921
CUUR0100SA0E,1-Apr-19,217.787
CUUR0100SA0E,1-Mar-19,211.657
CUUR0100SA0E,1-Feb-19,206.219
CUUR0100SA0E,1-Jan-19,205.512
CUUR0100SA0E,"Annual 1, 2018",218.598
CUUR0100SA0E,1-Dec-18,209.78
CUUR0100SA0E,1-Nov-18,215.922
CUUR0100SA0E,1-Oct-18,221.078
CUUR0100SA0E,1-Sep-18,222.488
CUUR0100SA0E,1-Aug-18,222.382
CUUR0100SA0E,1-Jul-18,223.343
CUUR0100SA0E,1-Jun-18,224.93
CUUR0100SA0E,1-May-18,224.829
CUUR0100SA0E,1-Apr-18,217.608
CUUR0100SA0E,1-Mar-18,213.671
CUUR0100SA0E,1-Feb-18,215.352
CUUR0100SA0E,1-Jan-18,211.791
CUUR0100SA0E,"Annual 1, 2017",200.944
CUUR0100SA0E,1-Dec-17,207.538
CUUR0100SA0E,1-Nov-17,206.616
CUUR0100SA0E,1-Oct-17,202.61
CUUR0100SA0E,1-Sep-17,210.049
CUUR0100SA0E,1-Aug-17,198.899
CUUR0100SA0E,1-Jul-17,196.72
CUUR0100SA0E,1-Jun-17,198.853
CUUR0100SA0E,1-May-17,200.152
CUUR0100SA0E,1-Apr-17,198.421
CUUR0100SA0E,1-Mar-17,195.085
CUUR0100SA0E,1-Feb-17,197.959
CUUR0100SA0E,1-Jan-17,198.426
CUUR0200SA0E,"Annual 1, 2021",226.72
CUUR0200SA0E,1-Dec-21,240.486
CUUR0200SA0E,1-Nov-21,245.627
CUUR0200SA0E,1-Oct-21,243.658
CUUR0200SA0E,1-Sep-21,238.393
CUUR0200SA0E,1-Aug-21,236.32
CUUR0200SA0E,1-Jul-21,236.105
CUUR0200SA0E,1-Jun-21,232.432
CUUR0200SA0E,1-May-21,223.383
CUUR0200SA0E,1-Apr-21,217.17
CUUR0200SA0E,1-Mar-21,212.902
CUUR0200SA0E,1-Feb-21,201.571
CUUR0200SA0E,1-Jan-21,192.598
CUUR0200SA0E,"Annual 1, 2020",182.916
CUUR0200SA0E,1-Dec-20,184.125
CUUR0200SA0E,1-Nov-20,179.638
CUUR0200SA0E,1-Oct-20,182.841
CUUR0200SA0E,1-Sep-20,187.227
CUUR0200SA0E,1-Aug-20,186.154
CUUR0200SA0E,1-Jul-20,186.542
CUUR0200SA0E,1-Jun-20,183.717
CUUR0200SA0E,1-May-20,170.732
CUUR0200SA0E,1-Apr-20,159.976
CUUR0200SA0E,1-Mar-20,181.24
CUUR0200SA0E,1-Feb-20,194.298
CUUR0200SA0E,1-Jan-20,198.499
CUUR0200SA0E,"Annual 1, 2019",202.478
CUUR0200SA0E,1-Dec-19,198.773
CUUR0200SA0E,1-Nov-19,197.989
CUUR0200SA0E,1-Oct-19,201.417
CUUR0200SA0E,1-Sep-19,204.625
CUUR0200SA0E,1-Aug-19,208.437
CUUR0200SA0E,1-Jul-19,213.389
CUUR0200SA0E,1-Jun-19,210.885
CUUR0200SA0E,1-May-19,212.344
CUUR0200SA0E,1-Apr-19,209.577
CUUR0200SA0E,1-Mar-19,200.004
CUUR0200SA0E,1-Feb-19,189.411
CUUR0200SA0E,1-Jan-19,182.886
CUUR0200SA0E,"Annual 1, 2018",208.171
CUUR0200SA0E,1-Dec-18,188.207
CUUR0200SA0E,1-Nov-18,197.513
CUUR0200SA0E,1-Oct-18,212.364
CUUR0200SA0E,1-Sep-18,217.523
CUUR0200SA0E,1-Aug-18,217.425
CUUR0200SA0E,1-Jul-18,217.576
CUUR0200SA0E,1-Jun-18,219.215
CUUR0200SA0E,1-May-18,216.074
CUUR0200SA0E,1-Apr-18,205.87
CUUR0200SA0E,1-Mar-18,200.936
CUUR0200SA0E,1-Feb-18,202.097
CUUR0200SA0E,1-Jan-18,203.251
CUUR0200SA0E,"Annual 1, 2017",197.181
CUUR0200SA0E,1-Dec-17,197.85
CUUR0200SA0E,1-Nov-17,204.945
CUUR0200SA0E,1-Oct-17,196.531
CUUR0200SA0E,1-Sep-17,205.385
CUUR0200SA0E,1-Aug-17,201.139
CUUR0200SA0E,1-Jul-17,197.405
CUUR0200SA0E,1-Jun-17,198.416
CUUR0200SA0E,1-May-17,194.062
CUUR0200SA0E,1-Apr-17,195.496
CUUR0200SA0E,1-Mar-17,190.872
CUUR0200SA0E,1-Feb-17,189.806
CUUR0200SA0E,1-Jan-17,194.261
CUUR0300SAF1,"Annual 1, 2021",274.003
CUUR0300SAF1,1-Dec-21,282.547
CUUR0300SAF1,1-Nov-21,280.901
CUUR0300SAF1,1-Oct-21,280.435
CUUR0300SAF1,1-Sep-21,277.392
CUUR0300SAF1,1-Aug-21,274.788
CUUR0300SAF1,1-Jul-21,274.055
CUUR0300SAF1,1-Jun-21,272.556
CUUR0300SAF1,1-May-21,270.23
CUUR0300SAF1,1-Apr-21,269.43
CUUR0300SAF1,1-Mar-21,268.796
CUUR0300SAF1,1-Feb-21,268.872
CUUR0300SAF1,1-Jan-21,268.038
CUUR0300SAF1,"Annual 1, 2020",264.408
CUUR0300SAF1,1-Dec-20,266.717
CUUR0300SAF1,1-Nov-20,266.363
CUUR0300SAF1,1-Oct-20,266.835
CUUR0300SAF1,1-Sep-20,266.052
CUUR0300SAF1,1-Aug-20,266.136
CUUR0300SAF1,1-Jul-20,266.084
CUUR0300SAF1,1-Jun-20,267.44
CUUR0300SAF1,1-May-20,265.593
CUUR0300SAF1,1-Apr-20,263.867
CUUR0300SAF1,1-Mar-20,260.215
CUUR0300SAF1,1-Feb-20,259.024
CUUR0300SAF1,1-Jan-20,258.57
CUUR0300SAF1,"Annual 1, 2019",256.281
CUUR0300SAF1,1-Dec-19,257.576
CUUR0300SAF1,1-Nov-19,256.969
CUUR0300SAF1,1-Oct-19,257.388
CUUR0300SAF1,1-Sep-19,256.51
CUUR0300SAF1,1-Aug-19,256.205
CUUR0300SAF1,1-Jul-19,256.133
CUUR0300SAF1,1-Jun-19,255.594
CUUR0300SAF1,1-May-19,255.978
CUUR0300SAF1,1-Apr-19,256.387
CUUR0300SAF1,1-Mar-19,256.326
CUUR0300SAF1,1-Feb-19,255.522
CUUR0300SAF1,1-Jan-19,254.78
CUUR0300SAF1,"Annual 1, 2018",251.827
CUUR0300SAF1,1-Dec-18,253.875
CUUR0300SAF1,1-Nov-18,252.744
CUUR0300SAF1,1-Oct-18,252.466
CUUR0300SAF1,1-Sep-18,252.561
CUUR0300SAF1,1-Aug-18,252.392
CUUR0300SAF1,1-Jul-18,251.835
CUUR0300SAF1,1-Jun-18,251.502
CUUR0300SAF1,1-May-18,251.137
CUUR0300SAF1,1-Apr-18,251.061
CUUR0300SAF1,1-Mar-18,250.519
CUUR0300SAF1,1-Feb-18,250.71
CUUR0300SAF1,1-Jan-18,251.127
CUUR0300SAF1,"Annual 1, 2017",249.092
CUUR0300SAF1,1-Dec-17,250.183
CUUR0300SAF1,1-Nov-17,249.842
CUUR0300SAF1,1-Oct-17,250.357
CUUR0300SAF1,1-Sep-17,249.981
CUUR0300SAF1,1-Aug-17,249.549
CUUR0300SAF1,1-Jul-17,249.284
CUUR0300SAF1,1-Jun-17,248.914
CUUR0300SAF1,1-May-17,248.979
CUUR0300SAF1,1-Apr-17,248.291
CUUR0300SAF1,1-Mar-17,247.977
CUUR0300SAF1,1-Feb-17,248.056
CUUR0300SAF1,1-Jan-17,247.693
CUUR0400SAF1,"Annual 1, 2021",289.762
CUUR0400SAF1,1-Dec-21,299.237
CUUR0400SAF1,1-Nov-21,298.117
CUUR0400SAF1,1-Oct-21,296.297
CUUR0400SAF1,1-Sep-21,293.563
CUUR0400SAF1,1-Aug-21,291.915
CUUR0400SAF1,1-Jul-21,291.398
CUUR0400SAF1,1-Jun-21,288.239
CUUR0400SAF1,1-May-21,286.396
CUUR0400SAF1,1-Apr-21,284.914
CUUR0400SAF1,1-Mar-21,282.984
CUUR0400SAF1,1-Feb-21,282.643
CUUR0400SAF1,1-Jan-21,281.443
CUUR0400SAF1,"Annual 1, 2020",277.031
CUUR0400SAF1,1-Dec-20,281.33
CUUR0400SAF1,1-Nov-20,280.006
CUUR0400SAF1,1-Oct-20,281.114
CUUR0400SAF1,1-Sep-20,280.332
CUUR0400SAF1,1-Aug-20,280.333
CUUR0400SAF1,1-Jul-20,278.597
CUUR0400SAF1,1-Jun-20,278.995
CUUR0400SAF1,1-May-20,277.148
CUUR0400SAF1,1-Apr-20,275.641
CUUR0400SAF1,1-Mar-20,271.492
CUUR0400SAF1,1-Feb-20,270.567
CUUR0400SAF1,1-Jan-20,268.822
CUUR0400SAF1,"Annual 1, 2019",265.656
CUUR0400SAF1,1-Dec-19,267.425
CUUR0400SAF1,1-Nov-19,267.107
CUUR0400SAF1,1-Oct-19,267.487
CUUR0400SAF1,1-Sep-19,266.87
CUUR0400SAF1,1-Aug-19,265.531
CUUR0400SAF1,1-Jul-19,265.82
CUUR0400SAF1,1-Jun-19,265.176
CUUR0400SAF1,1-May-19,265.728
CUUR0400SAF1,1-Apr-19,265.213
CUUR0400SAF1,1-Mar-19,264.503
CUUR0400SAF1,1-Feb-19,263.967
CUUR0400SAF1,1-Jan-19,263.047
CUUR0400SAF1,"Annual 1, 2018",259.259
CUUR0400SAF1,1-Dec-18,261.855
CUUR0400SAF1,1-Nov-18,260.931
CUUR0400SAF1,1-Oct-18,260.593
CUUR0400SAF1,1-Sep-18,259.955
CUUR0400SAF1,1-Aug-18,259.839
CUUR0400SAF1,1-Jul-18,258.957
CUUR0400SAF1,1-Jun-18,258.236
CUUR0400SAF1,1-May-18,258.727
CUUR0400SAF1,1-Apr-18,258.887
CUUR0400SAF1,1-Mar-18,258.26
CUUR0400SAF1,1-Feb-18,257.364
CUUR0400SAF1,1-Jan-18,257.498
CUUR0400SAF1,"Annual 1, 2017",254.771
CUUR0400SAF1,1-Dec-17,256.154
CUUR0400SAF1,1-Nov-17,255.236
CUUR0400SAF1,1-Oct-17,255.59
CUUR0400SAF1,1-Sep-17,256.226
CUUR0400SAF1,1-Aug-17,255.086
CUUR0400SAF1,1-Jul-17,255.101
CUUR0400SAF1,1-Jun-17,254.22
CUUR0400SAF1,1-May-17,254.852
CUUR0400SAF1,1-Apr-17,254.883
CUUR0400SAF1,1-Mar-17,254.222
CUUR0400SAF1,1-Feb-17,253.451
CUUR0400SAF1,1-Jan-17,252.229
CUUR0100SAF1,"Annual 1, 2021",282.975
CUUR0100SAF1,1-Dec-21,292.019
CUUR0100SAF1,1-Nov-21,290.628
CUUR0100SAF1,1-Oct-21,288.67
CUUR0100SAF1,1-Sep-21,286.517
CUUR0100SAF1,1-Aug-21,283.919
CUUR0100SAF1,1-Jul-21,282.295
CUUR0100SAF1,1-Jun-21,281.235
CUUR0100SAF1,1-May-21,280.001
CUUR0100SAF1,1-Apr-21,279.404
CUUR0100SAF1,1-Mar-21,277.661
CUUR0100SAF1,1-Feb-21,276.024
CUUR0100SAF1,1-Jan-21,277.329
CUUR0100SAF1,"Annual 1, 2020",273.739
CUUR0100SAF1,1-Dec-20,276.795
CUUR0100SAF1,1-Nov-20,274.706
CUUR0100SAF1,1-Oct-20,275.072
CUUR0100SAF1,1-Sep-20,275.304
CUUR0100SAF1,1-Aug-20,275.002
CUUR0100SAF1,1-Jul-20,275.506
CUUR0100SAF1,1-Jun-20,276.511
CUUR0100SAF1,1-May-20,276.418
CUUR0100SAF1,1-Apr-20,274.617
CUUR0100SAF1,1-Mar-20,268.721
CUUR0100SAF1,1-Feb-20,268.208
CUUR0100SAF1,1-Jan-20,268.003
CUUR0100SAF1,"Annual 1, 2019",264.406
CUUR0100SAF1,1-Dec-19,266.209
CUUR0100SAF1,1-Nov-19,266.106
CUUR0100SAF1,1-Oct-19,265.79
CUUR0100SAF1,1-Sep-19,264.884
CUUR0100SAF1,1-Aug-19,265.04
CUUR0100SAF1,1-Jul-19,264.282
CUUR0100SAF1,1-Jun-19,264.562
CUUR0100SAF1,1-May-19,263.725
CUUR0100SAF1,1-Apr-19,262.882
CUUR0100SAF1,1-Mar-19,263.847
CUUR0100SAF1,1-Feb-19,262.792
CUUR0100SAF1,1-Jan-19,262.757
CUUR0100SAF1,"Annual 1, 2018",259.98
CUUR0100SAF1,1-Dec-18,261.088
CUUR0100SAF1,1-Nov-18,260.486
CUUR0100SAF1,1-Oct-18,260.683
CUUR0100SAF1,1-Sep-18,261.747
CUUR0100SAF1,1-Aug-18,261.235
CUUR0100SAF1,1-Jul-18,260.792
CUUR0100SAF1,1-Jun-18,259.751
CUUR0100SAF1,1-May-18,259.594
CUUR0100SAF1,1-Apr-18,259.625
CUUR0100SAF1,1-Mar-18,258.385
CUUR0100SAF1,1-Feb-18,258.275
CUUR0100SAF1,1-Jan-18,258.097
CUUR0100SAF1,"Annual 1, 2017",255.179
CUUR0100SAF1,1-Dec-17,256.764
CUUR0100SAF1,1-Nov-17,256.209
CUUR0100SAF1,1-Oct-17,256.711
CUUR0100SAF1,1-Sep-17,255.539
CUUR0100SAF1,1-Aug-17,255.701
CUUR0100SAF1,1-Jul-17,255.978
CUUR0100SAF1,1-Jun-17,254.968
CUUR0100SAF1,1-May-17,254.942
CUUR0100SAF1,1-Apr-17,255.198
CUUR0100SAF1,1-Mar-17,253.854
CUUR0100SAF1,1-Feb-17,253.151
CUUR0100SAF1,1-Jan-17,253.132
CUUR0200SAF1,"Annual 1, 2021",264.268
CUUR0200SAF1,1-Dec-21,274.453
CUUR0200SAF1,1-Nov-21,272.824
CUUR0200SAF1,1-Oct-21,271.335
CUUR0200SAF1,1-Sep-21,268.772
CUUR0200SAF1,1-Aug-21,266.1
CUUR0200SAF1,1-Jul-21,264.563
CUUR0200SAF1,1-Jun-21,262.685
CUUR0200SAF1,1-May-21,260.372
CUUR0200SAF1,1-Apr-21,258.666
CUUR0200SAF1,1-Mar-21,257.522
CUUR0200SAF1,1-Feb-21,257.124
CUUR0200SAF1,1-Jan-21,256.795
CUUR0200SAF1,"Annual 1, 2020",253.679
CUUR0200SAF1,1-Dec-20,255.213
CUUR0200SAF1,1-Nov-20,254.737
CUUR0200SAF1,1-Oct-20,255.915
CUUR0200SAF1,1-Sep-20,254.773
CUUR0200SAF1,1-Aug-20,254.488
CUUR0200SAF1,1-Jul-20,255.251
CUUR0200SAF1,1-Jun-20,255.935
CUUR0200SAF1,1-May-20,255.009
CUUR0200SAF1,1-Apr-20,253.291
CUUR0200SAF1,1-Mar-20,250.385
CUUR0200SAF1,1-Feb-20,249.998
CUUR0200SAF1,1-Jan-20,249.149
CUUR0200SAF1,"Annual 1, 2019",246.931
CUUR0200SAF1,1-Dec-19,248.223
CUUR0200SAF1,1-Nov-19,248.037
CUUR0200SAF1,1-Oct-19,247.914
CUUR0200SAF1,1-Sep-19,247.641
CUUR0200SAF1,1-Aug-19,247.123
CUUR0200SAF1,1-Jul-19,246.889
CUUR0200SAF1,1-Jun-19,247.346
CUUR0200SAF1,1-May-19,246.953
CUUR0200SAF1,1-Apr-19,245.689
CUUR0200SAF1,1-Mar-19,245.913
CUUR0200SAF1,1-Feb-19,246.428
CUUR0200SAF1,1-Jan-19,245.015
CUUR0200SAF1,"Annual 1, 2018",243.376
CUUR0200SAF1,1-Dec-18,243.67
CUUR0200SAF1,1-Nov-18,243.269
CUUR0200SAF1,1-Oct-18,243.882
CUUR0200SAF1,1-Sep-18,243.762
CUUR0200SAF1,1-Aug-18,243.119
CUUR0200SAF1,1-Jul-18,243.935
CUUR0200SAF1,1-Jun-18,243.803
CUUR0200SAF1,1-May-18,243.329
CUUR0200SAF1,1-Apr-18,243.762
CUUR0200SAF1,1-Mar-18,242.51
CUUR0200SAF1,1-Feb-18,242.865
CUUR0200SAF1,1-Jan-18,242.601
CUUR0200SAF1,"Annual 1, 2017",240.924
CUUR0200SAF1,1-Dec-17,241.621
CUUR0200SAF1,1-Nov-17,242.006
CUUR0200SAF1,1-Oct-17,242.612
CUUR0200SAF1,1-Sep-17,241.808
CUUR0200SAF1,1-Aug-17,241.352
CUUR0200SAF1,1-Jul-17,240.237
CUUR0200SAF1,1-Jun-17,240.139
CUUR0200SAF1,1-May-17,240.989
CUUR0200SAF1,1-Apr-17,240.532
CUUR0200SAF1,1-Mar-17,240.33
CUUR0200SAF1,1-Feb-17,240
CUUR0200SAF1,1-Jan-17,239.464
CUUR0300SAH1,"Annual 1, 2021",298.256
CUUR0300SAH1,1-Dec-21,304.944
CUUR0300SAH1,1-Nov-21,303.697
CUUR0300SAH1,1-Oct-21,302.555
CUUR0300SAH1,1-Sep-21,301.178
CUUR0300SAH1,1-Aug-21,299.571
CUUR0300SAH1,1-Jul-21,298.781
CUUR0300SAH1,1-Jun-21,297.405
CUUR0300SAH1,1-May-21,296.073
CUUR0300SAH1,1-Apr-21,295.035
CUUR0300SAH1,1-Mar-21,294.135
CUUR0300SAH1,1-Feb-21,293.177
CUUR0300SAH1,1-Jan-21,292.522
CUUR0300SAH1,"Annual 1, 2020",289.223
CUUR0300SAH1,1-Dec-20,291.652
CUUR0300SAH1,1-Nov-20,291.301
CUUR0300SAH1,1-Oct-20,291.148
CUUR0300SAH1,1-Sep-20,290.417
CUUR0300SAH1,1-Aug-20,290.072
CUUR0300SAH1,1-Jul-20,289.271
CUUR0300SAH1,1-Jun-20,288.558
CUUR0300SAH1,1-May-20,288.376
CUUR0300SAH1,1-Apr-20,287.776
CUUR0300SAH1,1-Mar-20,287.956
CUUR0300SAH1,1-Feb-20,287.476
CUUR0300SAH1,1-Jan-20,286.674
CUUR0300SAH1,"Annual 1, 2019",282.26
CUUR0300SAH1,1-Dec-19,285.654
CUUR0300SAH1,1-Nov-19,285.14
CUUR0300SAH1,1-Oct-19,284.575
CUUR0300SAH1,1-Sep-19,284.117
CUUR0300SAH1,1-Aug-19,283.383
CUUR0300SAH1,1-Jul-19,283.058
CUUR0300SAH1,1-Jun-19,282.573
CUUR0300SAH1,1-May-19,281.372
CUUR0300SAH1,1-Apr-19,280.555
CUUR0300SAH1,1-Mar-19,279.94
CUUR0300SAH1,1-Feb-19,278.981
CUUR0300SAH1,1-Jan-19,277.768
CUUR0300SAH1,"Annual 1, 2018",273.843
CUUR0300SAH1,1-Dec-18,276.993
CUUR0300SAH1,1-Nov-18,276.653
CUUR0300SAH1,1-Oct-18,275.92
CUUR0300SAH1,1-Sep-18,275.119
CUUR0300SAH1,1-Aug-18,274.581
CUUR0300SAH1,1-Jul-18,274.423
CUUR0300SAH1,1-Jun-18,273.607
CUUR0300SAH1,1-May-18,273.314
CUUR0300SAH1,1-Apr-18,272.593
CUUR0300SAH1,1-Mar-18,271.742
CUUR0300SAH1,1-Feb-18,270.759
CUUR0300SAH1,1-Jan-18,270.413
CUUR0300SAH1,"Annual 1, 2017",265.717
CUUR0300SAH1,1-Dec-17,269.585
CUUR0300SAH1,1-Nov-17,269.154
CUUR0300SAH1,1-Oct-17,268.632
CUUR0300SAH1,1-Sep-17,267.797
CUUR0300SAH1,1-Aug-17,266.85
CUUR0300SAH1,1-Jul-17,265.614
CUUR0300SAH1,1-Jun-17,265.464
CUUR0300SAH1,1-May-17,264.371
CUUR0300SAH1,1-Apr-17,263.641
CUUR0300SAH1,1-Mar-17,263.164
CUUR0300SAH1,1-Feb-17,262.56
CUUR0300SAH1,1-Jan-17,261.775
CUUR0400SAH1,"Annual 1, 2021",363.848
CUUR0400SAH1,1-Dec-21,372.354
CUUR0400SAH1,1-Nov-21,370.626
CUUR0400SAH1,1-Oct-21,368.754
CUUR0400SAH1,1-Sep-21,366.78
CUUR0400SAH1,1-Aug-21,365.599
CUUR0400SAH1,1-Jul-21,364.668
CUUR0400SAH1,1-Jun-21,362.727
CUUR0400SAH1,1-May-21,361.317
CUUR0400SAH1,1-Apr-21,360.206
CUUR0400SAH1,1-Mar-21,358.434
CUUR0400SAH1,1-Feb-21,357.67
CUUR0400SAH1,1-Jan-21,357.04
CUUR0400SAH1,"Annual 1, 2020",355.051
CUUR0400SAH1,1-Dec-20,356.259
CUUR0400SAH1,1-Nov-20,356.17
CUUR0400SAH1,1-Oct-20,356.345
CUUR0400SAH1,1-Sep-20,356.135
CUUR0400SAH1,1-Aug-20,356.336
CUUR0400SAH1,1-Jul-20,356.272
CUUR0400SAH1,1-Jun-20,355.083
CUUR0400SAH1,1-May-20,354.997
CUUR0400SAH1,1-Apr-20,354.156
CUUR0400SAH1,1-Mar-20,353.446
CUUR0400SAH1,1-Feb-20,353.541
CUUR0400SAH1,1-Jan-20,351.875
CUUR0400SAH1,"Annual 1, 2019",345.415
CUUR0400SAH1,1-Dec-19,350.777
CUUR0400SAH1,1-Nov-19,350.397
CUUR0400SAH1,1-Oct-19,349.802
CUUR0400SAH1,1-Sep-19,349.189
CUUR0400SAH1,1-Aug-19,348.257
CUUR0400SAH1,1-Jul-19,346.749
CUUR0400SAH1,1-Jun-19,345.131
CUUR0400SAH1,1-May-19,343.752
CUUR0400SAH1,1-Apr-19,342.714
CUUR0400SAH1,1-Mar-19,340.834
CUUR0400SAH1,1-Feb-19,339.427
CUUR0400SAH1,1-Jan-19,337.955
CUUR0400SAH1,"Annual 1, 2018",330.713
CUUR0400SAH1,1-Dec-18,336.308
CUUR0400SAH1,1-Nov-18,335.387
CUUR0400SAH1,1-Oct-18,334.494
CUUR0400SAH1,1-Sep-18,333.957
CUUR0400SAH1,1-Aug-18,332.959
CUUR0400SAH1,1-Jul-18,331.639
CUUR0400SAH1,1-Jun-18,330.401
CUUR0400SAH1,1-May-18,329.057
CUUR0400SAH1,1-Apr-18,327.549
CUUR0400SAH1,1-Mar-18,326.804
CUUR0400SAH1,1-Feb-18,325.619
CUUR0400SAH1,1-Jan-18,324.386
CUUR0400SAH1,"Annual 1, 2017",317.039
CUUR0400SAH1,1-Dec-17,323.233
CUUR0400SAH1,1-Nov-17,321.991
CUUR0400SAH1,1-Oct-17,321.741
CUUR0400SAH1,1-Sep-17,319.659
CUUR0400SAH1,1-Aug-17,318.929
CUUR0400SAH1,1-Jul-17,317.46
CUUR0400SAH1,1-Jun-17,315.895
CUUR0400SAH1,1-May-17,314.833
CUUR0400SAH1,1-Apr-17,314.096
CUUR0400SAH1,1-Mar-17,313.379
CUUR0400SAH1,1-Feb-17,312.523
CUUR0400SAH1,1-Jan-17,310.723
CUUR0100SAH1,"Annual 1, 2021",373.245
CUUR0100SAH1,1-Dec-21,377.105
CUUR0100SAH1,1-Nov-21,375.838
CUUR0100SAH1,1-Oct-21,374.986
CUUR0100SAH1,1-Sep-21,375.444
CUUR0100SAH1,1-Aug-21,375.128
CUUR0100SAH1,1-Jul-21,376.327
CUUR0100SAH1,1-Jun-21,375.342
CUUR0100SAH1,1-May-21,372.283
CUUR0100SAH1,1-Apr-21,370.994
CUUR0100SAH1,1-Mar-21,369.937
CUUR0100SAH1,1-Feb-21,368.06
CUUR0100SAH1,1-Jan-21,367.5
CUUR0100SAH1,"Annual 1, 2020",366.379
CUUR0100SAH1,1-Dec-20,367.393
CUUR0100SAH1,1-Nov-20,367.346
CUUR0100SAH1,1-Oct-20,366.774
CUUR0100SAH1,1-Sep-20,368.205
CUUR0100SAH1,1-Aug-20,367.753
CUUR0100SAH1,1-Jul-20,367.962
CUUR0100SAH1,1-Jun-20,367.321
CUUR0100SAH1,1-May-20,365.728
CUUR0100SAH1,1-Apr-20,365.383
CUUR0100SAH1,1-Mar-20,365.343
CUUR0100SAH1,1-Feb-20,364.396
CUUR0100SAH1,1-Jan-20,362.949
CUUR0100SAH1,"Annual 1, 2019",358.529
CUUR0100SAH1,1-Dec-19,360.599
CUUR0100SAH1,1-Nov-19,360.772
CUUR0100SAH1,1-Oct-19,359.999
CUUR0100SAH1,1-Sep-19,361.023
CUUR0100SAH1,1-Aug-19,360.222
CUUR0100SAH1,1-Jul-19,359.887
CUUR0100SAH1,1-Jun-19,359.255
CUUR0100SAH1,1-May-19,358.234
CUUR0100SAH1,1-Apr-19,357.567
CUUR0100SAH1,1-Mar-19,355.912
CUUR0100SAH1,1-Feb-19,354.639
CUUR0100SAH1,1-Jan-19,354.236
CUUR0100SAH1,"Annual 1, 2018",350.021
CUUR0100SAH1,1-Dec-18,353.372
CUUR0100SAH1,1-Nov-18,351.89
CUUR0100SAH1,1-Oct-18,352.035
CUUR0100SAH1,1-Sep-18,352.325
CUUR0100SAH1,1-Aug-18,353.18
CUUR0100SAH1,1-Jul-18,351.001
CUUR0100SAH1,1-Jun-18,350.467
CUUR0100SAH1,1-May-18,349.926
CUUR0100SAH1,1-Apr-18,348.276
CUUR0100SAH1,1-Mar-18,347.179
CUUR0100SAH1,1-Feb-18,345.507
CUUR0100SAH1,1-Jan-18,345.089
CUUR0100SAH1,"Annual 1, 2017",341.302
CUUR0100SAH1,1-Dec-17,344.282
CUUR0100SAH1,1-Nov-17,343.275
CUUR0100SAH1,1-Oct-17,343.253
CUUR0100SAH1,1-Sep-17,342.873
CUUR0100SAH1,1-Aug-17,343.129
CUUR0100SAH1,1-Jul-17,341.308
CUUR0100SAH1,1-Jun-17,340.804
CUUR0100SAH1,1-May-17,340.473
CUUR0100SAH1,1-Apr-17,339.91
CUUR0100SAH1,1-Mar-17,339.146
CUUR0100SAH1,1-Feb-17,338.649
CUUR0100SAH1,1-Jan-17,338.518
CUUR0200SAH1,"Annual 1, 2021",294.914
CUUR0200SAH1,1-Dec-21,301.055
CUUR0200SAH1,1-Nov-21,300.638
CUUR0200SAH1,1-Oct-21,299.37
CUUR0200SAH1,1-Sep-21,297.995
CUUR0200SAH1,1-Aug-21,297.007
CUUR0200SAH1,1-Jul-21,296.222
CUUR0200SAH1,1-Jun-21,294.263
CUUR0200SAH1,1-May-21,292.571
CUUR0200SAH1,1-Apr-21,291.656
CUUR0200SAH1,1-Mar-21,290.464
CUUR0200SAH1,1-Feb-21,289.397
CUUR0200SAH1,1-Jan-21,288.325
CUUR0200SAH1,"Annual 1, 2020",286.151
CUUR0200SAH1,1-Dec-20,288.195
CUUR0200SAH1,1-Nov-20,287.663
CUUR0200SAH1,1-Oct-20,287.428
CUUR0200SAH1,1-Sep-20,286.953
CUUR0200SAH1,1-Aug-20,287.179
CUUR0200SAH1,1-Jul-20,286.463
CUUR0200SAH1,1-Jun-20,286.137
CUUR0200SAH1,1-May-20,285.288
CUUR0200SAH1,1-Apr-20,284.083
CUUR0200SAH1,1-Mar-20,285.236
CUUR0200SAH1,1-Feb-20,285.087
CUUR0200SAH1,1-Jan-20,284.095
CUUR0200SAH1,"Annual 1, 2019",279.881
CUUR0200SAH1,1-Dec-19,283.184
CUUR0200SAH1,1-Nov-19,281.961
CUUR0200SAH1,1-Oct-19,281.992
CUUR0200SAH1,1-Sep-19,281.723
CUUR0200SAH1,1-Aug-19,280.599
CUUR0200SAH1,1-Jul-19,280.794
CUUR0200SAH1,1-Jun-19,280.235
CUUR0200SAH1,1-May-19,279.672
CUUR0200SAH1,1-Apr-19,278.535
CUUR0200SAH1,1-Mar-19,278.067
CUUR0200SAH1,1-Feb-19,276.593
CUUR0200SAH1,1-Jan-19,275.22
CUUR0200SAH1,"Annual 1, 2018",270.774
CUUR0200SAH1,1-Dec-18,274.41
CUUR0200SAH1,1-Nov-18,274.129
CUUR0200SAH1,1-Oct-18,273.686
CUUR0200SAH1,1-Sep-18,272.185
CUUR0200SAH1,1-Aug-18,271.663
CUUR0200SAH1,1-Jul-18,271.218
CUUR0200SAH1,1-Jun-18,270.494
CUUR0200SAH1,1-May-18,270.278
CUUR0200SAH1,1-Apr-18,269.145
CUUR0200SAH1,1-Mar-18,268.376
CUUR0200SAH1,1-Feb-18,267.342
CUUR0200SAH1,1-Jan-18,266.364
CUUR0200SAH1,"Annual 1, 2017",262.588
CUUR0200SAH1,1-Dec-17,265.446
CUUR0200SAH1,1-Nov-17,264.847
CUUR0200SAH1,1-Oct-17,264.438
CUUR0200SAH1,1-Sep-17,264.066
CUUR0200SAH1,1-Aug-17,263.051
CUUR0200SAH1,1-Jul-17,262.779
CUUR0200SAH1,1-Jun-17,263.258
CUUR0200SAH1,1-May-17,262.233
CUUR0200SAH1,1-Apr-17,261.077
CUUR0200SAH1,1-Mar-17,260.312
CUUR0200SAH1,1-Feb-17,260.016
CUUR0200SAH1,1-Jan-17,259.528